<annotation>
	<folder>train</folder>
	<filename>2018-03-29_12-55-13-663.jpg</filename>
	<path>C:\Users\Marceluss\Documents\screenshots_POC_2\custom_detection\data\train\2018-03-29_12-55-13-663.jpg</path>
	<source>
		<database>Unknown</database>
	</source>
	<size>
		<width>800</width>
		<height>430</height>
		<depth>3</depth>
	</size>
	<segmented>0</segmented>
	<object>
		<name>display</name>
		<pose>Unspecified</pose>
		<truncated>0</truncated>
		<difficult>0</difficult>
		<bndbox>
			<xmin>245</xmin>
			<ymin>142</ymin>
			<xmax>408</xmax>
			<ymax>184</ymax>
		</bndbox>
	</object>
</annotation>
