<annotation>
	<folder>train</folder>
	<filename>2018-04-04_11-09-25-196.jpg</filename>
	<path>C:\Users\Marceluss\Documents\screenshots_POC_2\custom_detection\data\train\2018-04-04_11-09-25-196.jpg</path>
	<source>
		<database>Unknown</database>
	</source>
	<size>
		<width>800</width>
		<height>449</height>
		<depth>3</depth>
	</size>
	<segmented>0</segmented>
	<object>
		<name>display</name>
		<pose>Unspecified</pose>
		<truncated>0</truncated>
		<difficult>0</difficult>
		<bndbox>
			<xmin>241</xmin>
			<ymin>139</ymin>
			<xmax>406</xmax>
			<ymax>183</ymax>
		</bndbox>
	</object>
</annotation>
